Modelo,RMSE,R²
Regresión Lineal,4.427563936790207,0.002530555162263304
Random Forest,1.9740255598930607,0.801721574536049
SARIMAX,5.590690915384083,-0.5784182663248247
