Modelo,RMSE,R²
Regresión Lineal,8.033679987813928,0.01683449476435428
Random Forest,4.122611469120531,0.7410938356557615
SARIMAX,10.900084354426541,-0.7944510907025502
XGBoost,1.9311957233011816,0.9431867003440857
